income,debt,payment_history,credit_utilization,age,employment_length,credit_inquiries,creditworthy
82990.33154879004,34409.91291278105,100,1.0,40,8,1,1
70269.50524369153,0.0,92,0.0,33,0,2,1
64494.45554880261,14709.512679837624,73,0.7602075944400705,42,8,3,0
62695.94833441639,22584.426536540726,76,1.0,53,3,1,0
66073.34970420385,22251.317368197157,63,1.0,32,11,2,0
61502.28078132625,51576.22674553633,55,1.0,32,13,1,0
85827.89830041598,31752.88967694427,96,1.0,53,2,2,0
74727.57702522955,7412.159662959439,100,0.3306155211810616,44,24,1,1
68943.29072979002,19366.663350664512,72,0.9363118989424615,29,5,1,0
54771.47182659148,0.0,85,0.0,41,6,3,1
72960.91098451489,20712.14706859143,90,0.9462236040968588,29,0,3,0
56163.994070386,7491.6471319778475,43,0.4446029081479707,29,5,1,0
90728.91308937898,43829.14687764581,100,1.0,37,15,0,1
34062.18272865648,6474.94656859111,57,0.6335778148600967,18,0,3,0
70439.45704747873,19486.85157218986,67,0.9221124199672954,18,0,3,0
55368.66175193972,9572.601096679242,78,0.5762600800842499,28,0,3,0
37828.72994578327,24504.32662475895,38,1.0,22,1,0,0
53141.71248918518,12528.235603501827,76,0.7857888670275884,38,5,0,0
44394.7903770852,29589.634272987594,39,1.0,24,1,0,0
50762.48919602875,23494.420764499882,35,1.0,18,0,4,0
79442.5323205325,31492.080009558696,100,1.0,52,27,1,1
46994.49994092131,17564.035956242176,63,1.0,32,13,3,0
57634.68111608526,21829.680676239495,71,1.0,35,6,0,0
76534.05537917795,0.0,70,0.0,18,0,0,1
78313.14755151067,19125.89698629434,88,0.8140430881726723,28,3,4,0
65344.85504511048,30648.801536984975,89,1.0,36,8,1,0
47370.05217252301,13747.76322530534,59,0.9673338083895109,21,0,2,0
63000.46990077392,1194.616840547826,87,0.06320342472601281,39,13,4,1
60802.769590956246,17603.563730486367,66,0.965010795731298,27,8,1,0
39458.111522023915,25285.590557748234,75,1.0,31,7,0,0
47739.35193864982,26226.96606905471,46,1.0,27,3,1,0
50571.238891836154,14544.247753570598,88,0.9586008089082331,57,25,2,0
63188.34683907919,30980.605435431262,100,1.0,34,1,1,0
57307.939095541115,12991.629328394221,78,0.7556180356733687,22,3,1,0
57952.20306550939,0.0,79,0.0,44,13,1,1
69609.80144935049,8012.561658729967,74,0.38367096878787504,20,0,3,0
41213.51505496488,25246.482474519093,77,1.0,37,11,1,0
22434.376796852695,5500.940231557907,12,0.8172165221912657,18,0,1,0
48566.77727839958,12205.958079632454,46,0.8376865199536868,19,0,3,0
75306.47453918232,18075.990863024967,90,0.8000724550877437,37,12,1,1
89658.91537186803,61042.238879761135,100,1.0,43,6,2,0
52716.7360569659,32958.07021321226,79,1.0,37,13,0,0
72580.21250146943,53981.97191798593,77,1.0,33,12,1,0
54222.372957489395,14541.950144164026,67,0.8939149061008564,31,10,3,0
41810.59050088771,15015.224038474129,44,1.0,18,0,1,0
64054.89906230009,0.0,68,0.0,26,4,4,1
62984.84317620129,37500.34959497886,94,1.0,29,1,2,0
43954.117645236256,2920.4913375444717,49,0.22146350410296295,47,22,0,1
83348.10524588844,28617.998074411415,100,1.0,39,5,4,0
65101.37031221177,5243.231454473176,89,0.26845123628441825,18,0,2,1
51016.55947735706,9296.575945095678,88,0.6073824301951317,38,5,1,1
59937.05300156114,7944.5073592599765,70,0.44180047571893716,30,1,1,0
58210.45279424108,10386.197005000986,71,0.5947157707190889,26,5,2,0
67510.1064873586,12973.785726339545,69,0.6405532370441823,42,1,1,0
59345.422692318694,11296.178130928229,77,0.6344518339494617,47,21,2,1
56725.64948092923,26471.97632032303,89,1.0,46,8,2,0
48816.688935128324,3857.858023552476,82,0.2634068185069701,24,0,1,1
72390.93528889047,24910.32062096322,73,1.0,31,6,1,0
68554.00231891648,37265.39560597511,84,1.0,38,0,5,0
61240.78501870841,12086.525859303001,84,0.6578332844866054,46,7,1,1
64775.48065972517,10131.935953343025,60,0.5213605770568102,29,7,6,0
15000.0,3808.426124459247,42,0.8461288879047427,32,0,4,0
64031.48550558156,34317.357167618065,66,1.0,21,2,2,0
19904.293318328506,6744.00303986285,29,1.0,20,0,1,0
59763.38587895302,11579.582789075957,77,0.6458211159260868,44,6,1,0
54004.95158060784,21427.832497861702,70,1.0,51,24,3,0
37779.77786418641,3005.062846804611,57,0.26511517549864777,34,5,2,0
85012.4018106778,37088.52223906386,100,1.0,47,2,1,0
54184.48198032163,20683.37965433532,70,1.0,39,7,4,0
56797.55822596073,13542.713555397275,61,0.7947477104451273,27,2,2,0
60496.19131681224,8002.608015358583,87,0.44091850647509323,39,17,1,1
79555.61240834682,9758.5949658924,100,0.40886225405657384,53,10,3,1
58352.32836590383,23747.265875018064,79,1.0,34,12,2,0
53155.11663717146,29011.85538207457,97,1.0,53,31,4,0
59344.002291707104,10239.122207472232,49,0.5750958656994893,18,0,4,0
57793.65125258031,22636.463632548974,84,1.0,44,23,1,0
35451.271520103735,0.0,39,0.0,36,6,4,0
48378.27258551131,8856.922589241985,44,0.6102128016791201,31,12,0,0
81311.39685951466,23888.330014514613,90,0.9792539005688338,36,1,3,0
57153.32613170239,6747.711238037886,86,0.39352143746642176,18,0,3,0
50370.21798388211,5676.659346875203,83,0.3756375583638983,32,6,2,1
55961.13443522357,9314.400024037208,81,0.5547805834324051,39,8,3,1
66775.47423173927,23934.903869733644,72,1.0,52,21,1,0
83551.21975341262,21935.052329411366,97,0.8750790758479472,28,7,4,0
55729.0317834733,0.0,75,0.0,25,0,3,1
58850.624707866045,0.0,77,0.0,28,1,0,1
81454.25181047764,14549.925740705557,78,0.5953988493937505,45,19,2,1
63981.8373853977,25051.27696009055,72,1.0,38,13,1,0
48514.36781268945,0.0,64,0.0,28,9,0,1
59854.75226372533,11974.180500664863,90,0.6668094143688672,41,17,3,1
57725.98110878904,11242.159567863637,45,0.6491306122088503,36,17,1,0
66241.66645235238,38265.66154116251,89,1.0,46,19,1,0
61714.4431545547,13762.051603922971,79,0.7432786460706742,26,2,1,0
55579.18828710949,20930.99986509384,86,1.0,31,1,4,0
64989.60115823369,21332.9293864775,92,1.0,30,9,3,0
43189.251298371266,0.0,63,0.0,18,0,0,1
61579.52785474136,27935.02589537989,71,1.0,38,0,1,0
30426.989732018385,10438.870371571738,23,1.0,38,7,4,0
71744.91512053722,28816.612618538034,85,1.0,35,16,2,0
60797.32713846989,60797.32713846989,94,1.0,32,7,1,0
59370.15164789478,0.0,91,0.0,18,0,2,1
15000.0,9674.089949283325,42,1.0,29,5,1,0
85325.62057171091,20692.358576586423,100,0.8083367418915933,30,2,3,0
47906.15557767239,17124.81131256026,68,1.0,25,2,3,0
73022.74225106275,21242.136883738876,83,0.9696142422984871,33,5,6,0
45601.411093117036,9811.268239950943,65,0.7171233580586621,39,1,1,0
84791.60857593855,15774.072451801221,100,0.6200870042727714,57,29,3,1
43798.76655239516,16026.045202985973,50,1.0,37,7,1,0
51043.465589562926,0.0,96,0.0,38,16,4,1
85910.4703080018,38669.66294943721,100,1.0,34,13,2,1
41539.7639885498,9004.205726107262,72,0.7224790885106707,18,0,3,0
60461.49309769584,4473.312020847493,58,0.2466068448323476,34,10,1,1
71051.01596033131,14920.530636936417,99,0.6999585896926352,35,8,2,1
88635.22831958906,48876.11006955806,100,1.0,64,40,2,1
57856.28357715365,11162.385352503927,55,0.6430728919718995,32,3,2,0
65874.41503699338,24484.90899458851,90,1.0,38,13,1,0
93251.23377857413,14342.855223840339,100,0.5126774901590471,34,9,4,1
45135.71804449622,20382.584796931962,44,1.0,20,0,1,0
71416.48570072452,31216.256435226675,75,1.0,48,4,1,0
80959.81594011417,54220.55095982359,100,1.0,44,16,2,1
81782.88899436976,21663.24136507574,100,0.8829213832730458,44,19,2,1
67005.4545834057,29062.340205458095,89,1.0,24,1,5,0
80380.95333043777,25690.838462913485,100,1.0,51,21,0,1
27254.92630904275,15240.255876841698,37,1.0,18,0,0,0
88101.47298451644,13764.40345989373,100,0.5207587052718713,42,17,2,1
61604.81910471968,27660.629237787904,97,1.0,61,8,1,0
52939.531978585495,13820.422846793006,61,0.8701470138527911,23,4,4,0
41085.86224970963,11798.31335436495,33,0.9571302290825716,28,2,4,0
57837.92480110511,18412.73209949944,74,1.0,36,6,2,0
57331.436154552204,20091.691683032663,68,1.0,28,0,1,0
49220.35823175409,13621.940441646873,75,0.9224515003874287,18,0,1,0
64328.81131352927,22061.09216339959,91,1.0,35,8,4,0
71805.6690358797,44205.26529893503,67,1.0,22,1,1,0
68803.0145227097,34201.28616296962,93,1.0,40,18,8,0
44737.65047064027,21198.08201400767,68,1.0,23,0,0,0
86861.30752432536,18144.640485408636,100,0.6962802626499265,53,13,1,1
67842.05733386961,8287.031749704147,96,0.40715277624650636,25,2,3,1
36385.882772945115,17867.655656877116,65,1.0,31,0,1,0
74161.00104774786,35242.00173406,99,1.0,44,3,3,0
56517.591134663475,33601.63716601956,74,1.0,20,0,2,0
55136.54744960012,9880.682946401714,94,0.5973101383913959,37,9,2,1
90635.6021996743,23029.624537360178,98,0.8469364150528729,50,12,1,1
42149.1661945121,0.0,48,0.0,18,0,2,0
61483.64680207313,13618.9830676088,70,0.7383125683744816,37,11,0,1
57803.922635741954,28862.31372964183,84,1.0,38,0,1,0
65433.685713722014,13525.203307852309,100,0.6889679829968224,44,12,0,1
29555.873696571973,12652.750095403957,33,1.0,20,1,5,0
23599.236761085584,6180.6254478927685,0,0.8728746379692276,19,0,4,0
86717.57594837458,31635.560775793925,100,1.0,41,15,3,1
47695.57977522508,3360.712684509102,82,0.2348559932494635,38,6,1,1
45529.114758155396,14434.636589618845,75,1.0,38,15,2,0
28899.148295944276,0.0,57,0.0,39,16,1,1
41215.57378465746,10824.065656038378,52,0.8753317682630489,26,4,4,0
39753.653098887524,0.0,41,0.0,37,18,1,1
85030.22740204554,46018.2658181328,100,1.0,38,2,0,0
65947.25634013952,30037.75329673595,68,1.0,26,0,3,0
65277.74482233414,25675.96930205423,100,1.0,57,30,1,1
95786.53708016463,57874.344999442044,100,1.0,40,17,3,1
60726.48230487391,6693.072229327772,64,0.36736882089906686,20,0,0,0
58727.529247370665,38141.92343648421,73,1.0,42,6,2,0
15000.0,7296.574692781154,27,1.0,23,0,2,0
99564.13858886113,25158.756896539337,100,0.8422682766716986,44,7,1,1
47556.41299854606,25068.128045344172,90,1.0,48,23,3,0
25319.01879564662,1993.652391843569,43,0.2624364410921567,25,3,3,0
82138.5564801446,11096.686338979403,96,0.45030561808666214,46,9,1,1
97796.28609508909,17435.32289083056,100,0.5942532630402556,39,7,1,1
85964.09227765776,16694.609981529546,100,0.64732309410132,44,0,3,0
84058.63680078539,7455.032009860005,100,0.29561651552878954,57,11,1,1
64521.315124979286,35139.38013671051,73,1.0,32,9,0,0
62801.23338170462,15589.094892609985,83,0.8273864841358914,25,6,1,0
60583.92884680148,22446.405838255883,79,1.0,24,5,3,0
54217.87135954064,10080.714005071159,40,0.6197276546553762,25,0,4,0
58763.01655927814,0.0,100,0.0,34,14,2,1
60261.103081507164,21333.12178684115,100,1.0,39,16,0,1
49090.531166999855,0.0,64,0.0,38,15,2,1
60989.87384699839,17459.765791627153,68,0.9541918189898229,44,11,1,0
32605.647787069218,858.7346925342531,57,0.08778100010377879,35,6,3,1
70124.90559807875,48908.98004810123,99,1.0,52,10,2,1
39971.133392736236,19276.980205263473,63,1.0,31,0,2,0
67046.16024176343,21531.925199681362,100,1.0,67,11,2,1
66298.41226730218,36645.87294020905,97,1.0,42,5,0,0
70080.034295169,9162.039743481051,100,0.43576862116782406,24,2,3,1
61374.7490900347,25083.60682730739,83,1.0,22,2,2,0
38442.490945652346,13068.989441511405,45,1.0,40,10,0,0
40755.57795144494,14378.731586541724,79,1.0,32,0,2,0
78511.56781982323,43532.36396883136,100,1.0,43,23,2,1
47262.68909692536,21102.716033004584,100,1.0,40,20,2,0
53830.50275004463,19257.578810154464,56,1.0,34,12,2,0
57450.78148536828,0.0,75,0.0,24,5,3,1
29874.833177045468,3226.2053703707375,10,0.3599289768165714,18,0,1,0
54780.6325921894,15089.775176239475,80,0.9181381767038432,29,10,2,0
45989.617576226934,14655.717229901584,62,1.0,45,2,2,0
50579.48534073179,3740.821057382497,100,0.2465146041970502,37,6,3,1
50796.72901213806,39740.07601449163,51,1.0,20,0,2,0
35705.09399702496,21540.126654979224,31,1.0,37,3,4,0
67807.12106940598,28507.718290613895,82,1.0,39,2,2,0
48905.433016099785,15376.228683670384,33,1.0,24,3,1,0
67087.34931625721,17278.897336516828,98,0.8584846983280414,36,14,1,1
61358.712010969924,6725.915474004908,50,0.36536784458349925,35,9,0,1
67262.10644960766,21220.9325117596,80,1.0,21,0,2,0
63078.36753971861,22175.232154199683,53,1.0,39,17,4,0
56358.91688312121,2910.8188524752363,74,0.17214943461249793,41,14,1,1
69434.46254548426,25471.010749000267,100,1.0,47,11,0,1
75749.47043554582,20372.68298490349,100,0.8964545192307464,47,19,2,1
45132.901054885566,0.0,43,0.0,18,0,0,0
49008.87536805824,6269.36225804986,62,0.426380992556783,23,1,0,0
52270.12468289867,11357.194844572368,75,0.724216793478998,41,21,3,0
52856.48623673578,35812.25320691229,82,1.0,41,6,2,0
41760.920923004596,17176.71048152246,44,1.0,41,10,3,0
116243.65114780409,3824.844617787266,100,0.10967580893558279,75,40,1,1
44142.051469130725,17533.543221406948,26,1.0,41,16,1,0
58006.42203306139,0.0,75,0.0,48,1,2,1
56023.89101646204,28938.48042643218,74,1.0,46,4,4,0
77023.86565416661,15849.591318652723,100,0.6858872159008323,42,0,3,0
50375.75482561958,14169.32771033989,68,0.9375138394482069,31,8,1,0
83916.131090106,47425.98438182651,87,1.0,44,11,4,0
39897.640636341974,1698.3342909894072,40,0.14187910068562398,25,0,1,0
59784.91243335703,1230.156058800932,81,0.06858405265818347,32,13,3,1
40669.794201103636,7453.965360652143,56,0.6108837138510391,29,5,1,0
90177.23691660083,45780.798206491585,100,1.0,35,4,1,0
61786.023714557305,0.0,88,0.0,62,22,2,1
49047.31065340541,0.0,70,0.0,18,0,3,1
73906.65321398148,15503.267705624516,90,0.6991958926371346,43,1,1,0
50606.986461772474,20766.483776831636,60,1.0,18,0,3,0
50420.68511683438,27229.809483322748,99,1.0,29,8,2,0
66452.68950399861,13780.143214217564,71,0.6911910877738389,48,13,2,1
58657.17207968664,12770.527365552995,50,0.7256743570844695,35,9,2,0
45394.96997557267,24094.748829937984,70,1.0,22,1,0,0
65258.18675192365,0.0,70,0.0,26,0,5,1
97557.84502387026,21686.703592389487,100,0.7409608329038191,43,4,2,1
42437.623224882496,14347.514426195967,46,1.0,26,3,2,0
39052.95530631383,15224.550320914928,56,1.0,37,3,0,0
56675.76927473118,11223.993478819328,100,0.6600900486159271,35,0,4,0
90295.64006481477,27710.666658736172,100,1.0,27,7,1,0
65944.88148045403,0.0,100,0.0,60,40,1,1
88186.75208166102,14846.267715171893,90,0.5611465145736093,42,19,5,1
69565.51221114662,27179.36683955782,63,1.0,18,0,0,0
51296.176374380084,5311.267305788146,29,0.34511488420648856,37,4,2,0
60134.74618777913,18749.824095208573,63,1.0,27,8,1,0
90425.94934692807,35209.55882850239,100,1.0,45,5,3,0
44313.08388518769,10258.042871073478,67,0.7715758263648899,25,6,2,0
53346.29459846457,17822.610488729024,69,1.0,33,14,5,0
54074.786290770346,5810.524342644999,76,0.35815621197839226,41,16,3,1
50778.649039607,13135.306380020173,65,0.8622025481108071,45,26,2,0
36260.83682400989,15303.640837772396,51,1.0,20,1,2,0
35640.89599856615,11811.200194862435,64,1.0,30,3,1,0
53711.25202388839,9812.709839278565,46,0.6089413625753254,29,4,0,0
40050.40153412038,13811.111864712699,60,1.0,27,5,1,0
78306.78867686122,34683.796175417905,100,1.0,56,2,3,0
37861.56530694559,0.0,53,0.0,39,13,1,1
50163.20348321686,26677.534679465458,72,1.0,19,0,1,0
79302.93442413387,18457.682828954294,100,0.7757975651811532,46,5,0,1
48093.96536142817,18520.889230606856,79,1.0,60,33,2,0
73210.84854771358,39493.547204555434,100,1.0,47,26,3,1
62815.034887099384,1612.1642370801499,63,0.08554632892420823,18,0,4,0
35055.38471963192,5542.669960693782,54,0.526989221560635,29,10,2,0
95088.58580256555,23039.038255570595,100,0.8076058920998596,50,16,3,1
57085.285140490676,8177.426895496887,75,0.4774697720904656,26,7,3,1
51424.82216362387,33271.207624602044,58,1.0,40,16,2,0
64363.46383513441,8280.075215345689,91,0.4287963970862275,44,4,3,1
56774.903687825834,10724.248126458016,92,0.6295985157400762,23,2,0,0
58340.080871186176,19886.83878793607,84,1.0,34,11,2,0
52481.33988669554,3126.318391482824,78,0.19855437150680263,18,0,2,1
33789.89610380951,7462.966803037742,43,0.7361402394641651,22,2,4,0
57340.41236054117,20842.70388921908,86,1.0,31,8,2,0
24794.282546425296,5787.677780972116,41,0.7779884712890729,20,0,2,0
71531.60907976949,20123.460267127106,86,0.9376983978411254,54,20,2,0
30841.385378028153,5987.348478811257,47,0.6470419928113279,18,0,2,0
42167.050861153504,0.0,44,0.0,29,5,1,1
77341.39762815656,28176.912974987736,88,1.0,36,0,2,0
87969.65180891403,57267.06579482537,100,1.0,52,0,3,0
53537.071813607654,16258.15542983038,69,1.0,18,0,1,0
52015.308529911315,17948.029070843273,60,1.0,48,27,3,0
53253.87325457797,23354.195936684446,89,1.0,35,3,3,0
66596.46549968775,3072.3547257115692,89,0.1537719722654905,23,3,1,1
64125.753704598574,41072.73324051716,76,1.0,40,4,1,0
94389.94309972541,32136.543646274466,92,1.0,37,6,4,0
57499.76759091558,36016.20876512587,71,1.0,27,7,2,0
60880.73674735047,9338.703258681595,74,0.5112833426053761,35,12,1,1
49363.25303696248,32758.066055106417,68,1.0,30,1,1,0
60803.11357173423,27667.307579430406,75,1.0,36,7,0,0
61312.952454291844,25175.58983412418,54,1.0,42,0,2,0
83821.63015032886,29069.751296883074,100,1.0,54,17,3,1
60350.53475191876,15105.393425185946,68,0.8342681755900613,20,1,2,0
66210.15809238076,35760.525608206866,100,1.0,60,4,1,0
24431.50569663333,8015.292300944254,25,1.0,18,0,1,0
28856.919403450553,0.0,73,0.0,33,5,4,1
71219.86990368816,5452.786078919565,66,0.2551970814330178,42,22,1,1
43849.50090739189,11525.001576335408,85,0.8760362377089245,38,19,1,0
19306.64110571276,6989.00015393648,31,1.0,27,0,3,0
61428.67906796446,17733.372495674786,92,0.9622221272210922,32,10,1,1
90594.99276149186,49265.02780401294,100,1.0,29,4,1,0
51508.9363269016,0.0,84,0.0,27,3,3,1
78577.36161677462,25829.760727146873,97,1.0,45,20,2,1
62427.440378213476,0.0,67,0.0,39,19,2,1
49316.65520213286,22288.29042648258,86,1.0,26,7,2,0
79786.14724481653,22428.544793639816,100,0.936988377879887,45,15,2,1
56045.88183717023,21517.246733103475,80,1.0,38,7,3,0
69210.88471107854,8805.24461547486,100,0.4240576028191636,44,20,3,1
68425.4670929402,38037.23724342575,76,1.0,42,6,5,0
39978.64319535427,20322.940689048104,63,1.0,25,3,1,0
67280.63524304784,28036.436852734634,74,1.0,28,3,3,0
61775.60364956887,16932.479873266806,83,0.9136058717419607,43,16,1,0
52263.82260760733,21740.25844156091,76,1.0,42,5,0,0
65247.64765355605,10349.678855075623,62,0.5287112775185782,34,3,2,0
45322.98027313444,21352.160533213188,54,1.0,36,16,3,0
70422.71736053692,44359.00057067691,100,1.0,50,3,1,0
51463.21505033695,26458.37681177519,80,1.0,27,4,4,0
79088.43348747367,12185.906765110134,100,0.5135767077888541,41,5,1,1
62720.47349319929,23349.79510156196,84,1.0,32,0,0,0
55224.595618822845,2284.7349192525276,69,0.13789731407043393,32,0,2,1
80666.4944880043,33434.492322689235,100,1.0,48,5,0,0
86053.1132352597,33571.09927282882,100,1.0,44,22,4,1
73567.15459527794,0.0,100,0.0,44,7,1,1
70155.28929765071,4745.5304550935,100,0.22546672464641282,50,30,2,1
38322.45651474761,9326.621342804956,46,0.8111701789469196,35,9,1,0
48423.29505386941,11613.264455034268,95,0.7993718085690776,43,10,1,1
50221.629434679984,2918.108338324871,45,0.1936691887527107,31,7,1,1
51257.31696761075,19364.796295095897,97,1.0,38,10,2,0
53595.43045521831,18774.196400424287,67,1.0,33,11,1,0
59649.74887345661,15577.303674760367,76,0.8704386037009222,36,5,2,0
71545.39131535096,10648.937668276043,66,0.4961158856226548,42,8,3,1
48942.518329113635,24948.02905003704,57,1.0,25,6,4,0
85297.52465739303,53829.68320655245,100,1.0,60,39,2,1
48567.1162221518,9873.09750933935,52,0.6775791727753229,22,3,2,0
16368.001504691929,2906.410647185033,26,0.5917682086688885,20,0,3,0
54309.96909271869,21628.48535314201,95,1.0,48,23,3,0
63038.686664175766,14397.665621964836,90,0.7612734925336949,44,12,2,1
45454.578857383385,12369.12544720592,73,0.9070020194586285,42,11,3,0
72598.93094994307,32519.28490277636,79,1.0,42,4,1,0
80161.26248515546,0.0,86,0.0,34,9,4,1
67481.42777545974,38036.61295679114,100,1.0,24,1,0,0
54798.35693604688,17236.061743713723,63,1.0,35,5,5,0
73160.89205274929,15927.22650987278,100,0.7256381756623949,26,6,2,1
69030.01185803168,19477.03661259989,90,0.9404651505060468,46,5,1,0
51343.71043322941,15017.309866645592,70,0.9748896116212817,33,1,1,0
40798.960046885906,0.0,71,0.0,25,0,1,1
50262.95470267808,30106.888892760195,87,1.0,31,12,2,0
55377.34772188157,17070.9050981798,75,1.0,39,10,1,0
54956.243335632316,21356.01957650359,65,1.0,28,4,4,0
52408.60971574797,25696.463024949295,66,1.0,25,5,3,0
59645.69030230122,5712.119152294669,85,0.3192071892177756,37,15,0,1
66154.07254619525,26110.640635330845,100,1.0,37,6,2,0
70259.69412179512,17317.032000343974,86,0.8215336300162993,28,6,0,0
67443.31203161986,31654.798731922485,93,1.0,29,8,0,0
37326.53047325145,0.0,82,0.0,37,12,2,1
15000.0,4202.717099276193,32,0.9337296376974434,18,0,3,0
58414.79866858911,10481.710152399337,74,0.5980854341624847,18,0,2,0
30296.819523768685,11708.284377565553,23,1.0,26,4,2,0
52228.518971609745,20578.49804297393,31,1.0,32,3,1,0
42848.304609109604,6790.377404607295,70,0.5282083121091685,38,8,0,1
44570.293436299704,7022.728410091968,71,0.5251781467388834,52,1,2,0
74121.94092307182,20596.035894834276,91,0.9261814363789499,45,3,3,0
67787.3274045397,8180.002175811564,90,0.40221873666055946,33,11,3,1
48552.34398909921,22741.759599690686,67,1.0,34,0,3,0
15000.0,3392.3783986576614,45,0.7536943787286517,22,1,3,0
49006.33327621276,0.0,69,0.0,34,8,0,1
60677.060081038195,13654.497934443532,67,0.7500774229329901,31,0,1,0
38216.32646838807,3527.031998696345,74,0.30761062212433127,38,19,2,1
52750.39879668733,0.0,64,0.0,25,1,1,1
62570.35226240507,3285.8615482275122,93,0.1750395829036957,41,6,4,1
81089.37249401632,26101.184613497855,100,1.0,53,10,0,1
58193.705526212296,32921.818279699764,67,1.0,33,3,1,0
46603.96588677667,16900.317473287327,69,1.0,39,0,4,0
82348.57252496737,14715.634107265754,100,0.5956402973270304,43,18,1,1
51622.05640459545,20193.559337017377,76,1.0,30,11,2,0
59190.43190735102,12322.378822936927,76,0.693900715885286,37,4,4,0
44000.98061390206,7087.6747085792695,36,0.5368924144632686,35,11,2,0
52150.766232127346,3605.050338015574,66,0.23041016066184997,36,13,3,1
36727.95928959649,0.0,63,0.0,25,5,1,1
55405.809101148654,12300.935040415608,70,0.7400063419113391,35,7,2,0
87675.62720213515,29074.175932687325,100,1.0,40,6,1,0
51021.48285602966,14320.468272178623,94,0.9355231004349326,52,11,3,0
42596.57903184889,9235.220085365654,57,0.7226321661727008,46,19,3,0
100067.55491240413,11092.56730132823,100,0.3694903181728852,60,34,1,1
46860.14484272201,19758.544381294938,59,1.0,25,1,3,0
55963.908920101254,2046.8025153006195,73,0.12190479245175552,45,10,3,1
75198.57031094114,34230.80902176465,81,1.0,37,17,3,0
69715.76690394703,6940.664455451265,100,0.3318394544120415,61,34,2,1
77390.14570320403,11570.829180765952,99,0.49835504337961845,25,6,0,1
59368.88807008904,394.38526012144206,73,0.022141963070668638,24,4,4,1
44281.32887781446,8843.847990087315,64,0.6656817920329573,27,3,1,0
76759.62319898256,38000.81032250337,100,1.0,18,0,2,0
43314.27615494993,17461.094329707073,54,1.0,28,6,2,0
61131.430580139604,30301.89785794496,80,1.0,25,0,1,0
63289.38870609738,25596.03312175005,76,1.0,36,9,2,0
80726.11934098197,6398.839344097852,90,0.2642092046179858,39,14,6,1
99022.66795090279,23155.674080805955,100,0.779447612428639,57,6,0,1
67280.0622359865,9685.649478098876,85,0.47984347381913744,46,21,4,1
41098.73194480725,23266.607846159808,62,1.0,28,5,2,0
56099.582144086744,3402.006047365371,100,0.2021288922578119,24,5,1,1
51834.26945371841,24815.114204507667,63,1.0,40,0,2,0
75400.80871289935,36086.131403772706,81,1.0,19,0,4,0
76848.02996624107,51174.950607535895,100,1.0,56,22,1,1
63720.17673031837,13894.992601816808,96,0.7268375825467175,49,9,2,1
55970.204587973625,24764.82477724186,76,1.0,29,7,2,0
24193.10565705455,18297.980487915724,54,1.0,18,0,5,0
56225.789422340225,9922.258653555042,47,0.5882040105011762,51,3,1,0
74406.20861916638,0.0,57,0.0,33,7,0,1
59346.58581542906,0.0,78,0.0,49,15,2,1
28696.335259770905,12699.345242706526,56,1.0,18,0,1,0
59649.79128790929,0.0,52,0.0,27,8,0,1
75785.56231994496,17092.38693811752,50,0.7517542330700782,35,14,1,0
68784.29965997601,26651.346158502205,97,1.0,35,11,1,1
68140.71528708725,22965.81329277832,88,1.0,29,7,2,0
52248.073671458085,20120.157022845047,59,1.0,42,11,2,0
26272.839998872343,9049.88916262735,24,1.0,22,3,2,0
78920.0047793323,43861.62065356322,83,1.0,33,10,0,0
53959.802417367966,5910.5799765126985,76,0.3650998590234128,36,13,3,1
59037.50475317429,9717.630685028,72,0.5486389308357246,41,19,1,1
84322.91212773586,12266.294736673392,100,0.4848745357828269,43,6,1,1
55143.4501410099,25698.96319928707,25,1.0,21,2,3,0
51238.31658122411,24598.476558661947,49,1.0,18,0,1,0
102475.03517351625,39990.37664572392,100,1.0,50,11,0,1
50747.22654429785,27235.972208770345,68,1.0,38,6,1,0
64717.60192121856,4167.284596007239,72,0.21462836713844458,26,7,2,1
73255.19687345627,46403.12516680723,100,1.0,53,29,2,1
62828.88418294885,37989.341844195485,55,1.0,36,12,1,0
92127.02639618798,41192.24135043148,100,1.0,49,22,1,1
65617.53634434435,43068.71183422293,93,1.0,35,9,4,0
85274.4411857445,0.0,100,0.0,59,38,3,1
90887.61005964704,17733.1154768644,100,0.650344057573579,56,18,0,1
50125.70905685672,7666.19124932833,73,0.5097637938540631,32,5,1,0
54211.85498991491,24086.102992525466,52,1.0,46,4,3,0
47927.862089684495,4312.158518423165,35,0.29988531688434605,42,18,3,0
41304.65115935997,18649.009927466417,81,1.0,51,24,1,0
79243.10694910484,45494.040532000516,93,1.0,23,1,2,0
47851.87451417475,21008.914741594406,89,1.0,43,0,3,0
64281.19564621342,22932.329707223682,69,1.0,47,24,1,0
40247.80050166619,4122.394321402291,59,0.3413894987655189,18,0,0,0
50611.10046713651,6611.318274688462,91,0.4354040127994142,20,1,2,1
56636.05818808945,31145.51526309057,74,1.0,18,0,3,0
67707.10232539618,30865.623248541637,89,1.0,31,5,2,0
55653.83842146592,16261.834321095555,79,0.9739286545579406,43,5,3,0
69893.17429320383,15126.147343759341,75,0.7213592332147027,53,24,0,1
62238.69925732449,0.0,100,0.0,35,13,2,1
69469.63310724679,5962.545004570878,89,0.28608466045904885,54,19,4,1
68510.18364029989,46743.38962679333,87,1.0,18,0,4,0
51764.62427457377,2272.926975726629,39,0.14635352836992865,18,0,2,0
68223.16679074726,23052.33272655353,70,1.0,34,8,2,0
71143.21903001118,35677.527158101504,100,1.0,39,15,1,1
74802.10786227987,3666.460204538455,89,0.16337760756158587,34,13,1,1
47115.3233805556,15875.135764384018,80,1.0,18,0,0,0
36947.5207806623,18014.986996734886,54,1.0,33,12,2,0
51195.31927628962,15486.577138042645,35,1.0,19,0,0,0
54629.64659312257,47728.86302147846,92,1.0,43,9,1,0
53270.74977375365,0.0,66,0.0,39,2,3,1
57195.4602813264,29269.53120033402,81,1.0,23,4,0,0
70974.24607150453,18839.379215139325,87,0.8847572887622418,28,1,2,0
47919.073651040926,21773.66184578059,38,1.0,22,1,1,0
61832.49518898446,24007.17302355695,83,1.0,34,4,2,0
92333.22416952858,14161.032151051293,100,0.511210746643238,46,24,0,1
52011.297692328524,17985.469215432964,73,1.0,23,3,2,0
101825.24671270592,0.0,100,0.0,41,18,1,1
60882.64468447316,25610.254052158885,93,1.0,28,2,3,0
23588.558612662735,8483.193273974644,41,1.0,25,4,3,0
67700.12431656799,28957.51185760606,89,1.0,33,8,2,0
53317.37577324166,27278.431202217434,50,1.0,22,3,2,0
71746.29131124119,26798.959422867927,91,1.0,28,9,2,0
56097.72026904937,18490.811850044716,84,1.0,20,0,0,0
74323.1602402434,9200.191438416628,93,0.41260260400101006,58,26,2,1
39635.526455659514,6244.808952721457,81,0.525141993317002,35,0,2,0
47664.65114070962,25612.45367568389,61,1.0,26,4,1,0
46842.1931868605,27508.878067099573,54,1.0,37,5,3,0
47692.14825292916,12036.444830045923,81,0.8412009153163839,33,4,1,0
64428.67606630914,19921.38204008104,78,1.0,32,4,1,0
88648.56756527109,10556.016561151255,100,0.39690882557328333,42,14,2,1
71120.07294734471,38017.332361187124,91,1.0,44,8,1,0
34461.754069472234,14924.812407192758,50,1.0,28,7,1,0
59069.040023302114,40653.88209667246,82,1.0,28,4,0,0
72749.47229968477,9045.333615213169,95,0.41443229286303696,31,0,3,1
35253.25643520927,7910.775050837999,16,0.7479240148458074,18,0,2,0
42389.742499906235,14679.109361674324,37,1.0,18,0,2,0
71020.32292093795,30488.876023139812,100,1.0,51,14,4,1
61426.5253037664,15778.414872125288,88,0.8561751143059568,54,24,1,1
65324.20650765789,8192.163843107815,75,0.4180046099520323,32,4,3,1
60985.77777088327,29046.398068168237,63,1.0,41,1,2,0
66692.98665860541,29626.830220241834,71,1.0,38,7,2,0
73487.6173329685,8579.325105023165,81,0.38913294889775163,71,40,1,1
61838.125495148844,35315.04605579619,86,1.0,48,19,3,0
67235.72036741656,35906.54674739591,77,1.0,33,10,1,0
42807.502718623495,13992.030349794348,42,1.0,23,3,2,0
70304.45776850107,22210.55424132612,80,1.0,18,0,1,0
53605.45721578097,22021.741193659236,80,1.0,37,7,3,0
53370.27088627829,6813.216009260647,99,0.42550471085713165,25,5,3,1
58388.86247809635,17867.359524813986,47,1.0,18,0,1,0
30324.514006004523,0.0,63,0.0,27,2,2,1
21187.86782028836,10070.405619538851,49,1.0,22,1,0,0
51115.15528144858,0.0,69,0.0,55,15,2,1
84938.76155140773,51021.35212914014,100,1.0,45,26,2,1
48922.127811613296,11446.602857442294,61,0.7798668007461783,34,1,0,0
109972.98928502378,28336.366638325002,100,0.858862646179416,52,17,3,1
49536.286020139174,8641.7645427735,92,0.5814716016227492,35,3,4,0
51968.269547955555,12596.704496332255,75,0.8079222625417872,24,5,0,0
95531.64928851814,55762.42258044586,100,1.0,53,3,3,0
92891.39332238684,0.0,100,0.0,41,9,1,1
78522.55364954597,43610.882702408366,69,1.0,22,2,2,0
73725.49345889714,27101.83762665267,89,1.0,32,9,3,0
64560.93788717194,3782.991438995258,97,0.19530881747663353,24,2,2,1
53287.90423801775,4526.1425060530255,41,0.28310736200568437,18,0,0,0
78475.41614249957,49853.75292845954,88,1.0,46,11,0,1
67332.214255072,7467.049912531875,100,0.3696437805369856,57,10,1,1
32127.01674866539,2227.3627903999827,28,0.231075684383105,18,0,4,0
62749.38313883572,33097.972135293516,73,1.0,41,11,1,0
49047.23066212607,18035.185401542116,58,1.0,27,2,0,0
46401.579260090875,5216.228182083233,42,0.37468936588568547,29,3,2,0
62045.81171185073,21301.878000763074,63,1.0,27,5,0,0
63529.57812855766,6025.746387386759,88,0.316148289589047,24,5,3,1
59326.10329437771,30859.319786609474,59,1.0,35,10,3,0
72162.95121582893,36967.21759675612,63,1.0,25,0,2,0
43274.66328799742,17586.876810628626,55,1.0,38,1,4,0
54295.10811080423,20215.81771721626,84,1.0,34,15,0,0
44847.66519095792,29251.33462975597,60,1.0,32,4,4,0
21201.9507439041,6359.255128918318,28,0.9996337242729337,24,0,1,0
51159.78971235951,3255.0505691064527,68,0.21207009888739767,28,5,2,1
63373.78737425074,24709.10904869665,61,1.0,44,16,1,0
85501.74614863197,61322.65690131459,100,1.0,41,14,1,1
57862.17526832166,5615.414250513889,77,0.32347503640843506,23,1,4,0
43437.19763506192,9890.97336359799,57,0.7589665797588948,36,0,0,0
93011.38849501283,35650.261395916474,100,1.0,44,25,0,1
62715.505432880294,18138.51765972848,57,0.9640121966830602,18,0,3,0
71531.46555202923,7406.316721329797,100,0.3451148642214783,41,15,1,1
48202.738517252525,25276.14573465633,66,1.0,27,6,2,0
48408.4114491478,36984.42060478223,66,1.0,41,14,1,0
44416.8983589342,15067.379723771133,59,1.0,25,2,2,0
60731.22929556279,7238.333068107971,70,0.3972660022452156,18,0,3,0
72668.79458901913,0.0,100,0.0,18,0,3,1
81148.65292408284,28531.476549798317,84,1.0,35,14,1,0
53067.258673205884,27636.126506212793,63,1.0,38,18,1,0
32405.738500664833,12801.353897575356,62,1.0,24,0,1,0
65713.29370366805,19682.39525023691,80,0.9983467978433549,42,3,2,0
17873.409516557225,3255.564145181491,42,0.6070390213172832,18,0,2,0
62047.515712771725,5061.046681432813,100,0.27187630570922844,34,11,4,1
43785.96120551997,20445.866199799515,50,1.0,20,1,4,0
44609.452471976365,21535.40608448112,70,1.0,27,1,4,0
34079.45399099807,0.0,36,0.0,35,9,2,1
56904.00159854575,35164.840430728524,82,1.0,24,4,2,0
46009.487405071326,19085.390742988693,66,1.0,30,8,0,0
50051.24746434568,29025.665826096738,83,1.0,47,11,2,0
15000.0,473.61675454465427,21,0.10522478439116958,28,0,1,0
65587.27642424045,1760.0456416447043,65,0.08944601715346767,45,15,2,1
73383.77395004616,19828.746154322303,93,0.9006462164966254,21,0,2,0
87718.88821821805,35136.40465360149,79,1.0,41,10,1,0
64743.55615120592,42683.624406761446,88,1.0,52,32,5,0
35366.81909457329,15604.398770650501,60,1.0,18,0,1,0
57031.613841125356,14341.383179214577,74,0.8381634938865995,25,5,3,0
47824.21841217563,4530.204491863634,100,0.31573185514275065,41,4,2,1
60126.87849729199,32829.28254668438,94,1.0,32,9,3,0
72691.20417577036,7782.24143818737,84,0.3568466859110188,39,20,4,1
70003.99835826461,43801.06151443281,86,1.0,27,0,1,0
57297.68885280071,13930.390022306909,77,0.8103630901531483,36,0,0,0
53344.893747345515,32973.35445625002,48,1.0,33,6,4,0
56030.261198651584,24417.217863187245,68,1.0,49,2,3,0
47996.7946894021,13083.969530791865,61,0.9086065718126555,38,14,1,0
57802.8166214771,11336.330339537903,49,0.6536980551031337,39,19,2,0
59510.48260224267,13795.626319918529,77,0.7726848017303166,30,5,4,0
66903.76939349875,25802.331060861434,80,1.0,29,2,3,0
41152.31573979482,12980.728420684,33,1.0,29,4,1,0
83590.32853439283,15149.720422731154,100,0.6041016381801453,39,15,0,1
49133.14598436147,13112.34534276206,76,0.8895187122913588,29,0,4,0
60079.490584773455,18968.02075887026,84,1.0,38,11,1,0
65991.82481278265,0.0,93,0.0,59,25,1,1
29636.396095905875,11606.609174450232,63,1.0,45,17,3,0
68060.68094541575,7082.105545444212,96,0.3468355302720459,31,3,3,1
80252.6584563865,5564.199248685128,100,0.23110213225632573,49,22,2,1
49780.0866432268,0.0,54,0.0,30,1,0,1
45404.86075837308,0.0,61,0.0,18,0,3,0
55339.08826556149,1599.8806768552652,86,0.09636252689065648,22,3,1,1
20961.81214670186,3316.0708196255578,23,0.5272355209401249,18,0,1,0
46064.209839805575,31814.330708449976,95,1.0,30,0,2,0
69913.97019432741,13620.923861030255,82,0.6493825883717771,35,4,1,0
55185.65865246126,18517.548933727638,85,1.0,55,7,1,0
64803.368982499436,24631.519306828348,76,1.0,38,5,2,0
35251.27293064892,11499.424809394917,57,1.0,32,3,1,0
72196.4497365029,20540.70633700586,70,0.9483272416085415,44,1,3,0
43865.37776553775,2673.2108334468753,47,0.2031220556736521,18,0,1,0
35373.02276141736,20876.645466514816,39,1.0,37,13,1,0
82671.09031685758,54681.91048435917,100,1.0,44,15,4,1
33381.12634802926,0.0,59,0.0,18,0,1,0
56246.213444784284,5354.317894123887,92,0.3172954687821497,48,2,3,1
64208.53795846414,15669.318789602274,50,0.8134175438472179,39,19,1,0
71229.56024143074,7628.147478890773,100,0.3569580988070013,30,10,0,1
48362.67271532405,19402.771107999975,76,1.0,42,19,3,0
80525.19774771958,12428.706701723917,100,0.5144639022085343,62,36,1,1
66032.24750495859,48402.37787779117,89,1.0,37,17,0,0
69996.58410894717,37665.842196636215,93,1.0,37,10,3,0
55846.62332915838,19128.29536240317,62,1.0,29,2,1,0
43694.58241375016,22083.12190820772,61,1.0,24,3,1,0
52786.146690269205,27511.08841207194,68,1.0,44,19,4,0
50492.158245695624,9452.662311848815,58,0.6239938138539716,24,4,2,0
41917.9148202159,5732.5494597644865,51,0.4558189233589685,35,8,3,0
15000.0,4734.429188908943,10,1.0,29,0,2,0
68548.39706236502,32377.274155781997,93,1.0,40,8,1,0
74759.02261629293,24506.91068248019,100,1.0,39,19,0,1
32156.01346687242,0.0,65,0.0,47,16,2,1
37254.03942935094,5194.521130846996,66,0.464742120880269,28,5,0,0
64087.31391507797,18278.049748449357,86,0.9506353128044196,31,3,3,0
79262.43204567548,22579.241649488424,85,0.9495163324513808,23,1,1,0
53511.905615131116,37164.46984178763,83,1.0,29,9,0,0
50279.955881562986,1146.5042452289172,51,0.07600299974603808,39,13,1,1
62456.553383427396,25052.438309589994,73,1.0,44,20,1,0
69023.14628722277,41263.59826903974,68,1.0,23,2,4,0
56310.53731313197,42474.472322846486,97,1.0,45,17,3,0
58812.119900246194,12886.94202214471,100,0.730360322763336,51,8,3,1
53958.847167269516,21491.047496745687,83,1.0,39,14,1,0
61300.07087611932,25375.291318571817,100,1.0,57,16,2,1
51840.054739921936,17578.773154852046,53,1.0,25,3,3,0
70370.17687704341,19719.902204181642,88,0.9340589541543097,20,1,3,0
49246.18909674043,19067.882023590995,58,1.0,18,0,4,0
67814.69746810569,0.0,100,0.0,52,2,0,1
59222.83096626684,25845.66651332546,80,1.0,42,19,0,0
33752.13786955015,10977.396160962951,47,1.0,34,4,3,0
73646.64665720738,18817.087974536695,100,0.8516448557059341,38,8,2,1
45632.44204480797,32370.39671741861,71,1.0,21,0,1,0
78492.80129614062,12952.348023855693,100,0.5500206298902396,64,13,1,1
106696.61351767291,23407.615450596804,100,0.7312598285009067,36,9,1,1
63281.2936254853,44190.001945170116,67,1.0,36,1,3,0
53123.134248572234,7096.599394455445,39,0.44526452428597557,43,12,1,0
55604.63605691685,10563.598797668237,81,0.6332185184665495,40,20,0,1
76826.68563795132,20788.910494043677,100,0.901943917772278,37,2,1,0
51699.056158066465,24202.752688547636,70,1.0,25,5,5,0
40425.8303252395,13807.866878256726,33,1.0,40,9,1,0
89388.43401862806,3707.3790946431704,100,0.13824461336378405,57,25,0,1
60777.83871691509,11764.540595083172,55,0.6451855730015267,51,8,3,0
101299.46664326318,18084.90396341527,100,0.5950774630643094,54,5,2,1
68600.72098571973,19520.73242020156,68,0.9484732165350642,28,1,1,0
41690.17156511873,16057.750507174705,74,1.0,23,0,1,0
75615.2454260267,29009.11980181721,100,1.0,33,2,4,0
59017.83265791105,0.0,65,0.0,35,11,1,1
81191.6051268333,41634.096846108805,90,1.0,48,26,2,0
51670.99225941712,18111.394255117426,68,1.0,18,0,2,0
59704.6501751369,34443.9953641131,76,1.0,53,23,1,0
46746.75251523807,18176.991609279372,67,1.0,33,1,4,0
68649.41226371742,35715.858431335015,78,1.0,29,3,1,0
42578.37001840189,16746.458785775376,29,1.0,22,1,0,0
38345.27305137005,21827.860757487317,16,1.0,18,0,2,0
50873.16130975971,20575.656562979322,78,1.0,44,13,0,0
64353.98598390192,18045.948515731186,75,0.9346747558361184,35,9,3,0
76137.87378864718,57445.031724259046,79,1.0,19,0,0,0
29187.006286185904,13945.768301182938,51,1.0,19,0,5,0
54363.29185009137,22547.114636312333,89,1.0,30,9,3,0
95183.30833123144,4258.417138593253,100,0.14912516658936953,55,29,1,1
53605.37913131427,2269.570085015654,66,0.14111947981790757,31,4,2,1
51185.57694374601,18352.235249883313,70,1.0,18,0,2,0
39664.0970777968,13053.622506370395,37,1.0,32,13,2,0
61224.60645811473,10847.49946549799,82,0.5905528044030373,31,4,1,0
41592.83602493177,13650.624868942856,61,1.0,18,0,4,0
71985.94993519795,44467.54868213011,100,1.0,34,8,1,1
73410.79077347126,32233.24634455461,62,1.0,32,13,4,0
103243.45463027922,7412.704327199895,100,0.23931993344633534,43,21,0,1
84294.49759820364,23408.433167105217,100,0.9256241791130834,57,4,2,0
73286.9447487325,10187.376623255095,100,0.46333460543693183,48,11,2,1
57715.76452366004,12839.44994084217,82,0.7414905647955893,31,7,1,0
41502.505607839674,9017.534385894984,76,0.7241980579066399,21,1,4,0
87077.25765192536,17804.763803035017,100,0.6815435219867793,65,9,2,1
53568.97884791456,2623.429615871935,66,0.16323292817107016,35,14,4,1
60526.91464404421,16612.765590780436,97,0.9148464966358228,35,11,2,1
76963.9630341194,14459.871822443538,100,0.6262344530249172,34,13,3,1
44501.86152080538,0.0,84,0.0,37,16,3,1
73498.17841693568,52227.394353440875,96,1.0,33,11,1,1
72156.72601009798,37359.4285285137,71,1.0,28,4,0,0
50628.97209513382,11378.347848218893,47,0.7490835315471409,28,6,1,0
25372.17651487108,7707.149004833444,21,1.0,34,2,2,0
43282.670193583515,2842.335318910178,69,0.21888024513841664,28,6,2,1
70254.91819841664,44903.04987308219,100,1.0,26,1,4,0
58456.97906551677,39719.046821973716,100,1.0,36,12,1,1
39810.466515576336,13190.75003898472,70,1.0,31,2,3,0
64828.376181576736,32719.278781396835,100,1.0,53,4,4,0
57009.300397568295,19101.38544646373,59,1.0,18,0,4,0
76601.00352302068,2501.3990463768987,85,0.10884497096935218,48,0,1,1
65616.01851245458,14280.363593380223,100,0.7254142358766622,49,22,2,1
38897.63382277969,12695.627295329792,56,1.0,18,0,3,0
48123.62776434267,10062.191285714674,67,0.6969199146186804,30,6,0,0
40163.84723252246,10292.76280339851,63,0.8541602587318843,30,1,1,0
68630.63534204163,19334.628662246087,84,0.9390213541681787,18,0,2,0
45165.192961829904,12818.979296037667,79,0.9460111828215183,25,0,3,0
65057.377812382445,20197.173415754645,97,1.0,21,0,2,0
97619.74077883677,8578.7239035796,100,0.2929199536618614,56,33,1,1
81774.6634722194,12805.648181849085,100,0.5219679572366169,46,6,1,1
63525.695309229275,2736.886860391528,98,0.14360295436963408,50,11,0,1
70455.95135504914,34915.370367095056,87,1.0,43,2,2,0
46437.06590413626,0.0,70,0.0,21,0,2,1
38844.47208904808,20615.463205348366,34,1.0,28,5,1,0
66865.38922582404,38599.37517794053,100,1.0,40,13,2,1
28314.40313260296,6783.108348046381,22,0.7984522769802893,20,0,3,0
82215.19082692346,0.0,100,0.0,43,1,2,1
48630.7405405241,11075.062123440779,54,0.7590742622251669,32,5,2,0
57017.39483809259,16373.295718116491,82,0.9571546022639439,30,2,3,0
68649.31807319213,6719.419693137287,92,0.326252011902078,43,5,2,1
58116.42539443884,11446.397349211782,56,0.6564834174453303,40,21,2,0
62800.40702212912,38059.49836902399,86,1.0,30,7,1,0
61276.44515066213,26531.80810319225,79,1.0,48,16,4,0
60669.45946185866,6982.27682712732,87,0.3836028476386332,22,1,5,0
43410.30479629878,0.0,66,0.0,42,10,1,1
65495.693693196175,15365.062894650808,94,0.7819486584855372,42,12,1,1
83883.93498587428,21584.061575497028,87,0.8576613991595409,31,9,4,0
45395.03013091638,18123.504451533703,58,1.0,38,14,2,0
35033.82544212723,6759.309179768416,40,0.643061006847633,19,0,4,0
74508.61774488373,29974.810590926572,100,1.0,46,14,3,1
58293.72672909397,40049.58617672283,100,1.0,32,5,2,0
57659.45148910339,26702.103775318854,62,1.0,28,8,2,0
74937.80695221495,21760.61262986976,100,0.9678979417249004,47,18,0,1
60320.82202842655,15886.689214762308,43,0.877851175839977,26,4,2,0
61045.49762934334,13958.991495397444,54,0.7621762926102839,18,0,0,0
50547.279853927685,27099.821277921325,47,1.0,18,0,4,0
59981.13518072186,10468.946033758646,63,0.5817587059393342,42,2,3,0
55288.60551804097,17086.64175908373,43,1.0,19,0,3,0
103298.22902342823,32047.19922583474,100,1.0,56,5,0,0
42410.493804261394,8466.96506121646,50,0.6654249044577509,18,0,4,0
59382.06042994038,1514.651708489132,95,0.08501819569342503,55,7,2,1
76206.2100393046,27784.39558379701,100,1.0,37,7,1,0
54594.282540696026,15712.19114709331,77,0.9592721156753651,33,13,1,0
19809.95680978946,7924.935461746289,46,1.0,28,2,3,0
73911.32515725633,14285.576396529521,94,0.6442374078545493,39,10,2,1
49170.07721069116,26756.59866782611,50,1.0,34,6,1,0
67042.0007654376,8356.466527407256,100,0.4154634889827701,48,0,2,1
63779.70495853522,40972.59632591818,75,1.0,36,14,1,0
61657.495196685995,0.0,68,0.0,36,1,2,1
64641.77725708559,25013.395111352733,79,1.0,30,5,3,0
50667.70444145235,20018.10759336709,56,1.0,34,8,2,0
68096.58697264123,9594.03187804522,83,0.4696056341397075,38,12,1,1
40506.79983624124,15590.20800940242,57,1.0,18,0,0,0
55482.157213312545,30842.738362594097,72,1.0,18,0,0,0
73630.5122601958,0.0,84,0.0,43,0,1,1
45568.41946933107,18252.38309555323,59,1.0,37,13,2,0
71889.73174262549,0.0,100,0.0,32,7,2,1
49960.54832328928,5339.135880882606,77,0.35619969891957043,35,14,2,1
73320.86697421718,45886.63815621938,100,1.0,39,17,1,1
57909.30970102011,10634.673720268096,92,0.6121100772393615,28,8,1,1
77572.75515192683,5059.605934208086,100,0.217404015120348,25,3,2,1
56248.01026442222,14647.682396997301,56,0.8679900757417494,37,6,0,0
43160.24805822704,30798.34452073188,68,1.0,23,3,1,0
60908.70591168401,0.0,82,0.0,39,9,3,1
39852.303257485866,3576.2666939953933,43,0.2991017080562863,18,0,0,0
79599.12852913074,47718.58996134076,100,1.0,47,24,0,1
37755.340873451176,25354.239306370593,74,1.0,40,19,1,0
44594.76371280469,12455.930912291145,73,0.9309762626123654,38,9,1,0
50782.9561763121,2650.335034383318,63,0.1739534468832027,46,2,0,1
87454.61387960364,62894.62100444037,100,1.0,54,13,2,1
93259.20058872888,57717.04474448087,100,1.0,47,23,2,1
42833.261721937924,18666.2813210096,57,1.0,18,0,2,0
42667.67415214984,5867.638504664357,50,0.4583626253071673,19,0,0,0
52650.78244669772,15278.948102415621,65,0.9672525357906986,27,0,3,0
75428.17453912286,20209.31872530538,100,0.8930538133338315,35,14,0,1
48889.70298714139,17901.955299255183,56,1.0,41,8,2,0
54375.53474102178,32092.45624398314,99,1.0,26,4,3,0
74227.96444673644,35323.8567067012,67,1.0,37,18,4,0
57516.41254909768,4861.562381852547,63,0.28173295432548584,25,0,2,0
54443.724248981154,31321.435905607384,75,1.0,27,5,2,0
59415.69138850712,21545.699935521025,79,1.0,18,0,1,0
15000.0,6561.197387576749,27,1.0,23,1,4,0
54568.12979296361,32375.717329048923,65,1.0,18,0,3,0
38588.864753088645,2997.7354437900008,58,0.2589241342751006,23,2,3,0
40140.50654715314,11754.540588821477,62,0.9760352293001285,47,28,2,0
56068.03899287471,10860.88879615257,90,0.6456585803397656,23,2,1,0
103404.87817744436,0.0,100,0.0,66,15,3,1
59938.27228058462,22137.7210921912,95,1.0,40,4,1,0
73893.11820804408,59285.28449289629,80,1.0,37,6,0,0
73384.17386982968,0.0,86,0.0,24,2,3,1
84123.7168037607,24694.002044692614,100,0.978440822717984,43,1,2,0
76999.46794057089,32964.13342094111,78,1.0,28,3,3,0
69931.91236607838,22700.992512302433,95,1.0,36,8,3,0
83131.50458352389,23058.55033180968,100,0.9245442267685033,65,33,0,1
32370.512821542474,1299.8938562865737,61,0.13384197540898793,33,9,3,1
64709.062678050774,22425.4011913221,75,1.0,48,21,2,0
38151.30107025713,5671.084255825187,79,0.49544739404723726,26,0,2,0
89764.1407624672,0.0,95,0.0,34,3,3,1
72161.71281351495,38889.27799324868,100,1.0,56,25,1,1
53448.072101767284,26279.196510575952,81,1.0,27,4,1,0
83072.28064060702,25780.003225610264,100,1.0,56,0,2,0
65054.03669558681,22496.65764318882,100,1.0,43,20,1,1
77825.7656064613,40069.654050818506,75,1.0,28,7,0,0
54260.25957398322,18712.62347409838,99,1.0,42,13,2,1
69719.11182855864,33521.19374764444,95,1.0,46,1,4,0
52462.94121452927,12617.524120996064,67,0.8016275998076738,42,18,2,0
24599.662331689415,13834.770090224138,31,1.0,18,0,0,0
41623.46363642072,15157.481690614592,69,1.0,26,6,1,0
55044.44804427382,18649.630838822923,64,1.0,32,10,5,0
50760.4666322411,2334.3612867773486,59,0.15328254178242504,34,12,4,1
53213.68530189216,19018.101295836997,73,1.0,42,12,4,0
38505.23804492249,5144.6469853232065,41,0.44532483731904715,37,2,4,0
43153.41641056958,7437.208866059311,81,0.5744338108710347,18,0,3,0
38629.19438953497,5289.297587517958,52,0.4563768667913653,39,13,2,0
75000.83945534404,6506.548846792519,100,0.28916386048389503,42,17,1,1
64036.59629401755,46423.60459861936,90,1.0,41,3,1,0
45736.727508026044,25899.236632198732,56,1.0,47,5,1,0
61361.863844252046,41976.024992776125,86,1.0,45,24,0,0
50717.65391614125,2810.822899323999,84,0.1847245129186713,40,16,1,1
61987.61765628771,19479.65533809694,78,1.0,34,14,4,0
64506.75669034717,2664.030675874272,93,0.13765447001631084,18,0,0,1
33872.412955313834,5448.75105233109,71,0.5361506534206489,40,13,1,1
61325.39118721126,7136.718072652241,96,0.38789426044895176,37,12,3,1
57998.00806650039,31778.08306089063,72,1.0,38,17,1,0
55270.101146756984,12201.099466820848,51,0.7358025051025026,19,0,2,0
50797.94942356534,26093.680698703818,55,1.0,22,2,1,0
56320.460023917716,23701.011289512062,85,1.0,47,4,2,0
52414.19096500073,39872.92958293949,80,1.0,34,7,3,0
52459.612147947664,215.66961629796714,43,0.013702980539850359,43,17,1,1
74140.10707897898,40913.969570734276,94,1.0,35,4,5,0
58319.67473007913,30867.914150831588,80,1.0,35,3,5,0
95317.86028629511,10039.280468149096,100,0.3510684975337187,46,8,1,1
51490.08779278069,25818.50312064203,87,1.0,28,2,0,0
48173.898496343056,17690.852214679424,75,1.0,36,3,1,0
30494.28411080759,7760.940093345649,67,0.8482564370326627,29,4,3,0
26152.904856160825,3536.210177169599,39,0.4506522372153071,29,9,1,0
31037.960854917652,4847.450055579067,63,0.5205377956839838,31,6,0,0
63606.89976517225,45158.50843237028,100,1.0,37,3,3,0
60830.87534844901,18257.56989951234,97,1.0,29,0,2,0
46282.139469518,21124.371803690065,57,1.0,50,22,0,0
62625.57471114173,8881.566750219088,73,0.4727085849829371,24,2,0,0
48354.08422474841,6964.410258520659,61,0.4800649421332833,32,11,1,1
55401.89517978324,28609.370351571582,79,1.0,29,7,2,0
95783.30942383136,2881.6176547329064,100,0.10027903584421798,52,27,1,1
73052.58973798298,15849.288713325717,81,0.7231578242626465,37,5,0,0
63572.04028141251,19504.25047389498,90,1.0,47,20,3,0
31032.11661877069,10000.86049931849,12,1.0,18,0,0,0
28122.768980060428,7429.510877940233,71,0.8805001128082922,38,18,2,0
55212.7002113637,20934.66584568447,72,1.0,45,17,1,0
54833.046417584585,24048.192289165116,75,1.0,35,5,1,0
52792.30709273224,23594.33430816767,74,1.0,47,7,3,0
50431.145493615426,5186.300587467149,84,0.3427748045976266,28,1,2,1
71952.77824438152,17496.683723658207,57,0.8105257190818435,51,22,3,0
76227.16027287883,41082.824113938994,100,1.0,62,9,3,1
44249.961287648104,21192.60906954385,60,1.0,30,7,5,0
55729.82007950092,1417.1039787538705,65,0.08475529626306408,29,2,2,1
78229.10974354114,28967.9248625226,100,1.0,52,22,0,1
56044.01383835731,0.0,71,0.0,53,28,1,1
73563.98569619405,22759.739401622475,100,1.0,28,7,1,0
51721.17801573608,35147.30254582304,74,1.0,29,8,2,0
55082.744344172716,6082.316861045661,92,0.36804924931327526,31,2,3,1
55023.21634884836,7325.537417271831,56,0.44375775327741085,18,0,4,0
51898.24196895253,23499.8330857966,54,1.0,23,3,0,0
61897.04950869868,0.0,91,0.0,22,1,1,1
54306.86247802736,9419.470665358825,75,0.5781278281568661,25,3,2,0
48013.43938039343,20131.469894768903,44,1.0,34,0,2,0
65022.55287809153,11258.188849185593,77,0.5771131829243497,37,4,3,0
55244.10689019007,13966.04182778508,90,0.8426358320120311,53,1,1,0
50028.39558664785,22454.602097108567,76,1.0,23,4,1,0
66301.55014033309,25480.296800911994,81,1.0,46,6,2,0
52478.2471409119,18543.906490779944,27,1.0,32,7,0,0
55271.93732841604,12832.792125228174,82,0.773871809918819,34,0,3,0
36172.26431753542,13528.868990290744,41,1.0,43,16,3,0
38569.12638388558,10616.285639848795,21,0.9174322575985165,21,0,3,0
62592.673517116724,24508.85747041284,42,1.0,39,18,3,0
61197.84587996101,12277.119866790914,93,0.6686755617351477,36,15,2,1
46584.87288611063,12274.471372949485,71,0.8782245099495186,40,7,5,0
79385.61761297051,8098.003129388239,97,0.3400138614110785,38,18,3,1
68207.37727678248,19984.657730383984,100,0.976613865653928,64,40,1,1
66141.85800790106,9114.33660908548,91,0.4593096098785579,27,7,4,1
58807.91542807527,4539.424743607784,99,0.2572877830466174,28,8,2,1
41906.59035234295,14739.898458351397,37,1.0,27,2,2,0
79029.66338914268,27071.44959184531,95,1.0,28,5,0,0
33695.447523652794,15384.490427816976,25,1.0,27,0,1,0
82987.31260415002,17740.603298450813,100,0.7125543326017234,49,2,2,0
86608.73477064467,33050.80858801162,100,1.0,52,33,1,1
42340.69686385033,17366.43966735187,68,1.0,28,3,3,0
70886.97950096492,27571.82820995435,86,1.0,25,5,5,0
58249.302281015705,7856.040494509544,90,0.44953848649407213,40,17,2,1
56730.40443919785,18713.811483297657,83,1.0,28,8,2,0
67504.82758156832,25167.693854604724,100,1.0,42,23,2,1
57585.368877941786,17358.285596356924,73,1.0,37,4,1,0
56562.124097396736,0.0,53,0.0,18,0,1,1
84302.3308082832,27996.62911678682,100,1.0,53,14,3,1
48572.02040142729,36065.02667730698,67,1.0,56,4,4,0
71165.10364317229,16225.084717611157,100,0.7599382257506203,27,0,2,0
29062.620179464884,4486.8204225722075,42,0.5145562511360685,30,4,4,0
75888.19306512485,28433.00743553043,88,1.0,38,15,2,0
78100.57705241375,28309.556814932046,93,1.0,39,11,3,0
47235.50354677203,25438.540291308964,81,1.0,42,7,2,0
71037.78568068123,3440.10200940251,100,0.1614136553190586,59,26,3,1
39014.42997271096,17411.205721315426,47,1.0,32,3,2,0
46776.18454566897,19556.393623087235,86,1.0,25,0,3,0
39779.48573721388,10802.942493400004,38,0.9051597939169883,18,0,0,0
62494.907984040095,22981.718948987498,78,1.0,26,4,2,0
76854.63119179412,38880.10437271322,100,1.0,34,12,2,1
95735.25716184934,45422.84459520681,100,1.0,56,1,3,0
43967.47960132547,3139.108222893093,67,0.23796908398895186,28,8,2,1
56461.671893832085,26200.00205647531,61,1.0,37,11,0,0
31948.427116685747,9171.188298373427,63,0.9567744384246128,34,9,1,0
57111.94900255717,17965.981054661046,69,1.0,49,19,4,0
96472.77449646186,30354.13571028376,100,1.0,65,40,2,1
76633.74235322347,20687.38620717822,100,0.8997988689699389,28,5,2,0
34684.76692180117,18672.24943176467,64,1.0,29,6,1,0
58713.036112706584,16630.843713830196,88,0.9441344251318688,47,28,2,0
64003.91364561609,4870.1073490207955,84,0.25362270570302076,43,18,1,1
79802.41738229411,17659.798450990154,100,0.7376159525945891,57,17,2,1
51455.94720117531,17275.765343018353,97,1.0,42,16,1,1
60360.915666961344,32947.580686395675,67,1.0,30,4,2,0
56492.409793936255,23761.777355515755,64,1.0,42,5,1,0
68183.21593682581,8856.518666508136,100,0.4329553145649535,48,17,3,1
73394.26372005549,58498.015943847306,85,1.0,44,24,1,0
62896.33404716407,22199.579495491773,71,1.0,41,21,2,0
61054.21164210147,33889.858701464014,65,1.0,47,9,1,0
67555.85294111253,18216.916289576264,87,0.8988126951664591,49,16,0,1
69474.55561191998,28253.345985060067,96,1.0,51,6,1,0
58049.83455176809,27161.15192527314,85,1.0,42,23,2,0
51718.059059993466,28115.950927813705,84,1.0,32,13,0,0
82779.70755757076,42339.64008724195,100,1.0,36,11,2,1
77613.79171911858,36823.04077607641,100,1.0,49,24,2,1
45567.795229562595,10798.777039547704,57,0.7898843983088657,25,5,0,0
71654.31606766104,13302.68050014755,100,0.618807185338818,39,12,1,1
48992.70765365985,17956.880799442966,85,1.0,30,0,2,0
75596.86956379961,36787.3731033574,97,1.0,35,7,0,0
75544.6328829714,19298.31914977004,96,0.8514819620035022,50,21,4,1
57990.467839936566,29751.104476333403,64,1.0,37,12,4,0
64715.75388715416,38216.16372479474,63,1.0,35,6,1,0
20836.85771897251,2432.4075925615584,42,0.3890571486695379,18,0,2,0
47498.48796635292,6299.052794294031,80,0.4420218440715967,43,4,3,0
45691.12490401417,12424.558601233835,77,0.9063505058387187,42,12,4,0
80144.1464214556,28973.914870526598,100,1.0,60,29,3,1
80787.72499227637,15760.602368036476,100,0.6502618274296729,31,9,1,1
93069.50219288949,53090.61669507819,100,1.0,37,12,3,1
69170.76652161135,26617.83593001246,100,1.0,37,5,1,0
79912.66712416685,24604.263904268686,100,1.0,53,5,1,0
29384.133987708916,376.64862759664834,39,0.042722137692457474,33,9,1,1
52259.89300398967,1925.089145305133,82,0.12278162423932096,38,11,3,1
51783.24372137642,18445.287215473734,81,1.0,42,4,0,0
50287.28602623326,0.0,76,0.0,37,13,3,1
50677.84272122815,25467.008692283278,68,1.0,29,5,0,0
52518.64133454309,14094.387394709118,72,0.8945073297945105,37,12,2,0
37910.50284436319,35962.60790298004,99,1.0,47,24,0,1
58818.65384176301,44795.301560682616,90,1.0,22,0,0,0
42708.854613902906,11262.760000506833,74,0.8789653524984553,36,0,0,0
54388.702961667244,15159.90455959822,71,0.9290517259657267,26,6,1,0
100311.2400462496,50066.97526120813,100,1.0,49,18,1,1
30609.23112620365,19609.33015082124,49,1.0,18,0,3,0
15000.0,0.0,31,0.0,28,8,1,1
56909.936671798336,0.0,74,0.0,39,16,0,1
88914.39452497856,15612.748735627447,100,0.5852881876193823,53,33,3,1
86575.21181330891,36062.68948296327,58,1.0,34,8,2,0
33956.756083213746,13561.469888375545,53,1.0,28,4,1,0
83050.48834854782,42684.154856113404,100,1.0,57,15,1,1
37420.3431482992,2247.4843073705097,72,0.20018381576108826,18,0,3,0
42810.774685437966,0.0,54,0.0,18,0,3,0
101665.15020525552,47945.57347030347,100,1.0,40,6,1,0
29855.4450740727,4011.399854608753,45,0.44781915275473155,28,9,2,0
51406.094922418604,0.0,49,0.0,22,2,3,0
71415.3975764815,23496.576291269037,100,1.0,43,14,2,1
75886.7948740902,34804.35061242028,100,1.0,37,6,1,0
53869.747302063435,14845.886817861474,84,0.9185717395258275,28,0,2,0
49820.75809256153,10384.156689554962,49,0.6947212611660423,19,0,1,0
60125.271488673134,16121.241952039223,85,0.8937089648518952,45,11,2,0
67636.90411867661,15278.05708189577,70,0.7529077196954646,42,2,4,0
51252.11586753884,1557.5814050499423,80,0.10129533733058756,33,9,1,1
84923.57834784077,13338.425411135266,100,0.5235256664463568,57,34,0,1
42055.84495934549,17001.326860940313,62,1.0,22,3,1,0
50056.505908532796,18237.372533972037,61,1.0,18,0,4,0
50361.057794725326,16801.05125867067,72,1.0,26,1,2,0
74090.75376158251,7480.965903432471,100,0.3365525373097235,34,13,0,1
58829.094146172705,15513.194921230368,75,0.8789480895624727,37,16,1,0
29004.512976896778,0.0,49,0.0,32,2,0,1
80128.82251070987,26898.87173776816,85,1.0,39,15,3,0
31614.015487060715,18518.590586843053,30,1.0,19,0,1,0
61793.504920267704,319.6932451865934,91,0.0172443150934163,52,27,2,1
48265.08058934762,8823.554902362204,84,0.6093394682836322,34,15,2,1
89016.57139756226,32564.162832163074,100,1.0,48,0,3,0
29164.886790319568,16057.268756928528,47,1.0,39,18,2,0
109066.22800489991,22942.634761709796,100,0.7011621598856804,40,13,1,1
78640.85213599078,12704.424483819173,93,0.5384769561794093,41,22,4,1
65348.5837119374,0.0,92,0.0,40,10,2,1
62776.5899907557,20131.675603823864,63,1.0,42,20,2,0
74283.31112286485,52623.42730216858,100,1.0,50,1,1,0
67416.83642569007,23964.776940017728,78,1.0,37,6,4,0
74078.23378925085,21893.39265106386,100,0.985103020064197,43,1,1,0
64734.066990051724,23590.159673315655,64,1.0,33,14,3,0
72943.71021882874,21721.294681294035,100,0.992559973352991,52,27,2,1
47839.923695390105,6573.068002181011,73,0.45795850940462857,26,6,1,1
72530.90074519733,33701.91699346602,100,1.0,56,35,1,1
54276.375794709784,18733.61619209286,58,1.0,34,1,0,0
61406.551453005966,18638.279248125564,76,1.0,18,0,1,0
67703.35083421294,7103.895582945508,70,0.34973876263906634,36,1,1,0
15000.0,8410.523795804276,26,1.0,26,1,1,0
75838.51164794642,32833.566873257325,100,1.0,45,6,3,0
54521.04292078162,10327.148735055049,82,0.6313475087989144,27,4,2,0
52919.36865331154,26478.998347602326,70,1.0,29,2,3,0
38572.22320366671,7733.184273534055,35,0.6682283608029272,18,0,0,0
70061.6907997902,10060.809860604195,96,0.4786415659396933,29,1,1,1
58612.89693184287,8678.188974818504,70,0.49350318933617954,18,0,1,0
32806.834982645865,0.0,9,0.0,18,0,5,0
71305.78430686802,28116.475145989945,100,1.0,44,19,5,0
50625.14898188071,0.0,74,0.0,44,25,3,1
41305.72752816604,2243.3650228658175,81,0.18102283745022676,40,9,3,1
38999.24163115052,0.0,36,0.0,23,1,2,0
70135.90208574139,19833.455516496033,41,0.9425754072354878,34,12,2,0
71496.8756806413,19299.574052129425,95,0.8997444118593343,34,5,2,0
54496.28130145939,12788.138643652688,71,0.7821546830711411,21,0,0,0
83276.43680271995,7618.499940384044,86,0.30493599777944397,53,8,2,1
73742.67430672438,4834.071913811874,84,0.21850095431182273,45,3,1,1
45977.77607165572,18063.471541610656,100,1.0,32,3,2,0
64478.83817010911,12243.861669258224,79,0.6329326584276386,35,6,2,0
71606.14287841524,26012.482698063133,100,1.0,37,12,4,1
55714.36994720361,6850.096425360909,57,0.4098096907590802,18,0,4,0
73433.70057211965,24689.33161911957,60,1.0,32,2,2,0
61424.55770801596,34438.022714946856,74,1.0,26,6,2,0
52871.72311312374,22059.83611328708,62,1.0,22,0,4,0
70852.25357474641,15411.586387223233,82,0.7250233448877048,31,4,2,0
74402.1811112641,26147.887208189703,100,1.0,56,32,4,1
50371.88023158423,12687.012600005428,77,0.839500996765398,42,3,0,0
49953.99554084354,15064.928004473357,64,1.0,28,0,0,0
51626.46032790326,12125.908885156665,55,0.7828754178074988,41,11,2,0
